window_end_ms,freq_mhz,avg_response_ms,power_w,temp_c,num_completed
0.425929,612,12.0589,5.471,50.375,1
129.505,612,9.03389,5.32,50.312,1
258.167,612,4.61703,5.208,50.281,1
385.951,612,4.24417,5.136,50.312,2
514.233,612,4.35555,5.056,50.25,1
643.15,612,4.55197,5.016,50.562,1
771.353,612,4.54554,4.983,50.312,1
900.367,612,4.70799,4.983,50.25,2
1031.75,612,4.45782,4.943,50.281,1
1159.95,612,4.47126,4.943,50.156,1
1287.42,612,4.40598,4.903,50.187,2
1415.57,612,4.33984,4.903,50.218,1
1542.95,612,4.3774,4.903,50.25,1
1670.48,612,4.42233,4.911,50.156,1
1798.64,612,4.56093,4.911,50.218,2
1926.36,612,4.31465,4.911,50.218,1
2054.62,612,4.41168,4.911,50.468,1
2182.11,612,4.60106,4.911,50.218,1
2310.38,612,4.30358,4.911,50.343,2
2438.59,612,4.37897,4.911,50.468,1
2566.64,612,4.40988,4.911,50.25,1
2694.27,612,4.34662,4.903,50.375,2
2822.15,612,4.33657,4.903,50.218,1
2951.01,612,4.33545,4.903,50.312,1
3079.69,612,4.57018,4.903,50.156,1
3207.61,612,5.01491,4.903,50.187,2
3335.82,612,4.43488,4.903,50.093,1
3464.27,612,4.55971,4.903,50.375,1
3592.41,612,4.38788,4.903,50.125,2
3720.99,612,4.32169,4.903,50.281,1
3849.35,612,4.3887,4.903,50.437,1
3977.45,612,4.3582,4.903,50.281,1
4106.02,612,4.50077,4.903,50.281,2
4233.84,612,4.31587,4.903,50.218,1
4362.12,612,4.33855,4.903,50.25,1
4489.44,612,4.27039,4.903,50.156,2
4617.31,612,4.32463,4.903,50.187,1
4745.54,612,4.35491,4.903,50.125,1
4874.13,612,4.41203,4.903,50.125,1
5002.56,612,4.40075,4.903,50.375,2
5130.91,612,4.60541,4.903,50.125,1
5258.32,612,4.37225,4.903,50.281,1
5386.01,612,4.32883,4.911,50.406,1
5513.29,612,4.3883,4.903,50.25,2
5642.7,612,4.43091,4.903,50.281,1
5770.55,612,4.42883,4.903,50.156,1
5898.29,612,4.28857,4.911,50.25,2
6026.17,612,4.33411,4.903,50.093,1
6155.22,612,4.37679,4.903,50.218,1
6283.53,612,4.38006,4.903,50.062,1
6411.32,612,4.53384,4.903,50.187,2
6539.8,612,4.6249,4.903,50.125,1
6667.98,612,4.35555,4.903,50.062,1
6795.8,612,4.26546,4.903,50.281,2
6924.65,612,4.33094,4.903,50.281,1
7053.18,612,4.34947,4.903,50.25,1
7180.89,612,4.37718,4.903,50.125,1
7308.98,612,4.46424,4.903,50.25,2
7437.61,612,4.63254,4.903,50.25,1
7564.8,612,4.34306,4.903,50.093,1
7693.23,612,4.32111,4.903,50.218,1
7820.99,612,4.34598,4.903,50.125,2
7949.5,612,4.36927,4.903,50.187,1
8077.24,612,4.53596,4.903,50.062,1
8206.32,612,4.52728,4.903,50.25,2
8335.08,612,4.34274,4.903,50.437,1
8463.58,612,4.35196,4.903,50.093,1
8591.03,612,4.36697,4.903,50.281,1
8719.14,612,4.61832,4.903,50.093,2
8849.8,612,4.36467,4.903,50,1
8977.7,612,4.36364,4.903,50.156,1
9105.16,612,4.55432,4.903,50.343,2
9234.12,612,4.37587,4.903,50.093,1
9361.37,612,4.3623,4.903,50.312,1
9489.45,612,4.40364,4.903,50,1
9617.34,612,4.77997,4.903,50.218,2
9745.91,612,4.33942,4.903,50.312,1
9874,612,4.40099,4.911,50.125,1
10001.8,612,4.78512,4.911,50.25,2
10130.1,612,5.30494,4.903,50.125,1
10257.9,612,4.59609,4.911,50.156,1
10386.2,612,4.54217,4.903,50.031,1
10514,612,4.39567,4.903,50.218,2
10642.5,612,4.37158,4.911,50.093,1
10770.1,612,4.38966,4.911,50.125,1
10898.2,612,4.38386,4.911,50.375,1
11026.2,612,4.34522,4.911,50.062,2
11154.4,612,4.32226,4.903,50.25,1
11282.5,612,4.38921,4.903,50.375,1
11410.7,612,4.29873,4.911,50.25,2
11539.6,612,4.3565,4.903,50.281,1
11667.4,612,4.3823,4.911,50.125,1
11795.3,612,4.40262,4.87,50.187,1
11922.9,612,4.74077,4.903,50.031,2
12053,612,4.38415,4.903,50.437,1
12181.4,612,4.3629,4.903,50.125,1
12310,612,4.25372,4.903,50.312,2
12437.8,612,4.31477,4.903,50.218,1
12566.9,612,4.3982,4.903,50.125,1
12695.2,612,4.52403,4.903,50.093,1
12824.1,612,4.73832,4.903,50.218,2
12952.9,612,4.63123,4.903,50.093,1
13081.4,612,4.37839,4.903,50.125,1
13208.8,612,4.33426,4.903,49.968,2
13337.6,612,4.37484,4.903,50.25,1
13465.4,612,4.36761,4.903,50.312,1
13592.9,612,4.34626,4.911,50.218,1
13721.7,612,4.65235,4.903,50.218,2
13850.8,612,4.35382,4.903,50.093,1
13979.1,612,4.38406,4.903,50.093,1
14107.6,612,4.37901,4.903,50.031,2
14236.2,612,4.39023,4.903,50.312,1
14366.1,612,4.36713,4.903,50.125,1
14494,612,4.32242,4.903,50.187,1
14622.3,612,4.41446,4.903,50.062,2
14751,612,4.28815,4.903,50.187,1
14878.8,612,4.32597,4.903,50.062,1
15007.1,612,4.3921,4.911,50.156,2
15136.1,612,4.54284,4.903,50.031,1
15264.1,612,4.41164,4.903,50.062,1
15392.5,612,4.40367,4.903,50.375,1
15521.2,612,4.34289,4.903,50.156,2
15650.3,612,4.38245,4.903,50.281,1
15778.5,612,4.36156,4.903,50.125,1
15906.8,612,4.34953,4.903,50.031,1
16035.7,612,4.3982,4.903,50.062,2
16163.9,612,4.37385,4.903,50,1
16291.5,612,4.35602,4.903,50.062,1
16420.4,612,4.27191,4.903,50.187,2
16548.5,612,4.30767,4.903,50,1
16677.3,612,4.34092,4.903,50.218,1
16806.6,612,4.3245,4.911,50.093,1
16935.2,612,4.35396,4.911,50.062,2
17064.6,612,4.61455,4.911,50.093,1
17193.3,612,4.55087,4.911,50.343,1
17320.8,612,4.32496,4.903,50.062,2
17449.6,612,4.55967,4.903,50.218,1
17577.4,612,4.43938,4.903,50.312,1
17705,612,4.39618,4.911,50.218,1
17832.9,612,4.85299,4.903,50.218,2
17962.3,612,4.37676,4.903,50.062,1
18090.4,612,4.41241,4.903,50.062,1
18219.8,612,4.47159,4.911,50,2
18347.9,612,4.35224,4.903,50.312,1
18476.4,612,4.34664,4.903,50.031,1
18604.4,612,4.32594,4.903,50.218,1
18732.2,612,4.49593,4.903,50.125,2
18861,612,4.3566,4.903,50.156,1
18989.4,612,4.37039,4.87,50.281,1
19116.9,612,4.54751,4.87,50.093,2
19245.6,612,4.33228,4.903,50,1
19374.2,612,4.41813,4.903,50.125,1
19502.4,612,4.38149,4.911,49.968,1
19630.7,612,4.54182,4.903,50.093,2
19758.9,612,4.33737,4.911,50.281,1
19887,612,4.34236,4.911,49.968,1
20015.1,612,4.32946,4.87,50.156,1
20142.8,612,4.39287,4.911,50.062,2
20272,612,4.39177,4.911,50.125,1
20399.5,612,4.3742,4.903,50.156,1
20527.7,612,4.35471,4.903,50,2
20656.9,612,4.58041,4.903,50,1
20785.6,612,4.48796,4.911,50.031,1
20913.5,612,4.37945,4.87,50.312,1
21042.2,612,4.86723,4.911,50,2
21170.7,612,4.3364,4.911,50.218,1
21298.3,612,4.33948,4.87,50.343,1
21426.3,612,4.40578,4.87,50.187,2
21555.1,612,4.39842,4.911,50,1
21683.2,612,4.40034,4.87,50.093,1
21810.5,612,4.40712,4.87,50.156,1
21938.7,612,4.34324,4.911,50,2
22067.4,612,4.37266,4.87,50.093,1
22195,612,4.37016,4.87,49.937,1
22322.8,612,4.33628,4.87,50.25,1
22451.5,612,4.45836,4.911,49.968,2
22579.3,612,4.42028,4.911,50.093,1
22707.5,612,4.43314,4.87,50.25,1
22835.5,612,4.35416,4.87,50.093,2
22964.5,612,4.36514,4.911,50.218,1
23092.5,612,4.36242,4.911,50.031,1
23220.8,612,4.363,4.87,50.093,1
23349.3,612,4.47121,4.911,50,2
23477.9,612,4.53398,4.911,50.031,1
23605.8,612,4.32376,4.911,49.906,1
23733.6,612,4.21925,4.87,50.031,2
23862,612,4.49775,4.911,50.25,1
23989.9,612,4.56697,4.911,49.968,1
24117.6,612,4.59308,4.87,50.156,1
24245.8,612,4.48412,4.911,50.343,2
24374.8,612,4.32738,4.911,50.062,1
24502.9,612,4.41429,4.903,50.218,1
24630.6,612,4.38847,4.87,50.062,1
24758.7,612,4.33195,4.911,50.187,2
24886.9,612,4.3324,4.911,50.031,1
25015,612,4.35775,4.87,50.062,1
25142.3,612,4.45556,4.87,50.031,2
25270.4,612,5.33895,4.911,50.093,1
25398.7,612,4.91661,4.87,49.937,1
25526,612,4.88531,4.911,50,1
25653.6,612,4.50532,4.903,50.281,2
25782.7,612,4.79814,4.903,49.968,1
25910.4,612,4.73728,4.87,50.031,1
26038,612,4.63423,4.87,50.218,2
26166.4,612,4.55353,4.911,50,1
26294.9,612,4.54965,4.87,50.187,1
26423.1,612,4.32328,4.87,50.062,1
26550.9,612,4.79131,4.911,50.093,2
26679.4,612,4.32943,4.911,50,1
26807.9,612,4.95523,4.911,50,1
26935.2,612,4.94093,4.87,49.968,1
27063.6,612,4.81896,4.911,50.218,2
27193.3,612,4.81859,4.87,50.281,1
27322.1,612,4.76982,4.87,50.093,1
27450.7,612,4.55657,4.911,50.156,2
27578.7,612,4.59014,4.903,50.25,1
27709.6,612,4.6351,4.903,49.906,1
27838.3,612,4.47458,4.911,50.25,1
27966.5,612,4.64066,4.911,50.031,2
28097,612,4.97833,4.911,50.062,1
28225.6,612,5.00618,4.911,49.937,1
28353.6,612,4.72265,4.911,50,2
28481.6,612,4.85548,4.911,49.968,1
28609.7,612,4.80809,4.911,50.125,1
28737.9,612,4.81593,4.911,49.906,1
28866.4,612,4.4449,4.911,50.062,2
28996.6,612,4.61791,4.911,50.218,1
29123.8,612,4.53932,4.87,50,1
29252.7,612,4.45636,4.87,49.906,2
29381,612,4.88332,4.911,49.968,1
29510,612,5.17491,4.87,49.843,1
29638.3,612,5.01705,4.911,49.906,1
29766.4,612,4.7291,4.911,50.187,2
29895.3,612,5.07866,4.911,50,1
30023.5,612,4.81763,4.87,50.093,1
30151.6,612,4.94049,4.87,50,2
30280.2,612,4.62613,4.911,50,1
30408.4,612,4.71964,4.87,49.906,1
30536.6,612,4.47237,4.87,49.906,1
30664.5,612,4.7227,4.903,49.843,2
30792.4,612,5.04106,4.903,49.937,1
30921.2,612,5.20515,4.903,50.187,1
31048.9,612,5.17296,4.903,49.875,1
31176.8,612,4.56641,4.903,50.156,2
31305.5,612,4.88304,4.903,50.218,1
31432.9,612,5.07462,4.903,50.093,1
31561,612,4.65314,4.903,50.093,2
31689.2,612,5.05114,4.903,49.937,1
31818.7,612,4.95187,4.903,49.906,1
31948.4,612,4.78319,4.863,50.156,1
32077.5,612,4.64621,4.903,49.937,2
32207,612,4.44456,4.863,50.031,1
32335.3,612,4.98269,4.87,49.906,1
32463,612,4.67977,4.87,49.968,2
32591.1,612,5.13418,4.911,49.875,1
32719.1,612,5.12218,4.903,49.875,1
32847.4,612,4.90108,4.903,49.937,1
32974.9,612,4.6922,4.911,49.875,2
33102.8,612,4.77103,4.911,50.156,1
33231,612,4.70831,4.87,49.812,1
33358.7,612,4.50244,4.87,50.062,2
33487.4,612,4.97709,4.87,50.218,1
33615.1,612,4.51961,4.87,50.031,1
33743.8,612,4.55244,4.87,50.031,1
33872.1,612,4.57322,4.911,50,2
34001.6,612,4.94291,4.911,49.937,1
34129.3,612,4.88256,4.87,49.812,1
34257,612,4.8792,4.87,49.968,1
34386,612,4.78715,4.87,49.75,2
34514.5,612,4.97756,4.87,50,1
34642.7,612,4.94614,4.87,50.156,1
34770.9,612,4.69575,4.911,49.937,2
34900.2,612,4.68956,4.911,49.906,1
35028.6,612,4.36306,4.87,49.906,1
35157.1,612,5.19363,4.87,49.75,1
35285.1,612,4.52397,4.911,49.937,2
35414.3,612,5.10608,4.87,49.781,1
35542.3,612,4.9142,4.87,49.968,1
35671,612,4.6733,4.87,50.125,2
35799.7,612,4.84681,4.903,49.937,1
35928.3,612,4.98249,4.903,49.937,1
36056.5,612,4.79983,4.87,49.812,1
36184.2,612,4.33643,4.911,49.906,2
36312.1,612,4.51122,4.87,49.875,1
36439.7,612,4.33534,4.87,49.875,1
36567.8,612,4.44759,4.87,49.781,2
36695.6,612,4.95568,4.87,49.875,1
36823,612,4.95475,4.87,49.906,1
36951.1,612,4.93897,4.87,49.843,1
37080.3,612,4.57557,4.911,50,2
37209.3,612,4.60665,4.87,50.125,1
37337.5,612,4.69407,4.87,49.906,1
37465.9,612,4.74732,4.87,49.843,1
37594.5,612,4.54146,4.87,49.906,2
37722.5,612,4.55964,4.87,49.812,1
37850.5,612,5.18026,4.87,49.843,1
37978.8,612,4.55146,4.911,50.125,2
38106.8,612,4.90889,4.911,49.75,1
38235.5,612,5.35277,4.87,49.968,1
38363.8,612,4.87571,4.87,49.781,1
38492.4,612,4.39408,4.911,49.968,2
38621.4,612,4.96892,4.87,49.812,1
38749.6,612,4.98259,4.87,49.906,1
38877.4,612,4.37291,4.87,49.781,2
39005.8,612,4.68815,4.911,49.812,1
39133.9,612,4.55823,4.911,49.812,1
39261.9,612,5.01261,4.87,49.843,1
39390.5,612,4.68594,4.911,50.093,2
39519.4,612,4.94051,4.911,49.843,1
39647.1,612,4.8103,4.87,50,1
39775.5,612,4.74871,4.87,49.812,2
39903.7,612,4.85449,4.903,49.937,1
40033,612,4.83977,4.911,49.906,1
40161.7,612,4.7781,4.87,49.781,1
40289.1,612,4.60524,4.911,49.812,2
40417.7,612,4.54959,4.911,49.781,1
40545.7,612,4.62549,4.87,50.125,1
40674.2,612,4.33493,4.87,49.781,1
40802.1,612,4.44815,4.911,50,2
40931.1,612,4.93651,4.911,49.875,1
41058.7,612,4.92857,4.911,49.875,1
41187.5,612,4.70018,4.911,49.843,2
41317,612,4.91958,4.911,50.062,1
41445.3,612,4.63592,4.87,49.843,1
41573.9,612,4.70511,4.87,50.031,1
41701.9,612,4.41248,4.911,49.75,2
41830.4,612,5.1624,4.87,49.906,1
41958.8,612,4.95004,4.87,49.937,1
42086.8,612,4.57029,4.87,49.843,2
42214.9,612,4.90835,4.87,49.75,1
42343.8,612,4.84271,4.87,49.781,1
42471.6,612,5.57799,4.87,49.75,1
42600,612,4.58936,4.911,49.812,2
42728.5,612,4.81644,4.911,50,1
42856.2,612,4.48603,4.87,49.75,1
42984.4,612,4.43877,4.87,49.875,1
43112.7,612,4.50995,4.911,50,2
43241.4,612,4.93404,4.911,49.875,1
43368.9,612,4.88582,4.87,49.937,1
43497.4,612,4.82868,4.911,49.781,2
43625.5,612,4.80738,4.87,49.75,1
43756.7,612,5.08128,4.911,49.906,1
43886.4,612,5.04108,4.87,49.75,1
44015.5,612,4.51443,4.911,49.812,2
44143.9,612,4.53903,4.911,49.781,1
44271.9,612,4.46152,4.87,49.875,1
44400.5,612,4.42606,4.911,49.781,2
44530.1,612,4.94223,4.87,50,1
44658.2,612,4.95695,4.87,50.125,1
44786.7,612,4.97347,4.87,49.812,1
44916.1,612,4.5853,4.911,49.75,2
45045.7,612,4.90454,4.911,50,1
45174.3,612,4.81295,4.87,49.812,1
45302.8,612,4.69668,4.911,49.968,2
45431.3,612,4.65362,4.911,49.812,1
45559.5,612,4.54696,4.87,49.843,1
45687.6,612,4.49595,4.87,49.75,1
45815.7,612,4.51986,4.911,49.75,2
45945.7,612,5.0328,4.903,49.75,1
46073.5,612,4.98579,4.903,49.906,1
46202,612,4.63143,4.903,49.718,2
46330.1,612,4.86031,4.903,49.937,1
46459,612,4.90911,4.903,49.968,1
46587.5,612,4.85833,4.903,49.75,1
46715.9,612,4.41229,4.911,49.875,2
46844.3,612,4.66537,4.911,49.812,1
46972.7,612,4.57436,4.903,49.718,1
47101.3,612,4.48042,4.903,49.875,2
47231.8,612,4.28689,4.903,50.031,1
47360.4,612,4.97817,4.903,49.718,1
47491.5,612,5.02249,4.903,49.718,1
47620.3,612,4.5429,4.903,49.875,2
47750.4,612,4.9303,4.903,49.812,1
47878.4,612,4.87955,4.903,50,1
48006.4,612,4.759,4.903,49.718,2
48136.1,612,4.81916,4.903,49.75,1
48264.6,612,4.70569,4.911,49.812,1
48393.7,612,4.64098,4.911,50.062,1
48522,612,4.56426,4.911,49.75,2
48650.4,612,4.62834,4.911,49.906,1
48778.6,612,4.3877,4.911,49.75,1
48906.4,612,4.88191,4.87,49.812,2
49034.8,612,5.12364,4.903,49.75,1
49163.7,612,5.19347,4.911,49.781,1
49291.6,612,5.01167,4.911,49.718,1
49419.7,612,4.83815,4.911,49.75,2
49548,612,4.89478,4.911,50,1
49676.2,612,4.83423,4.87,49.75,1
49803.6,612,4.86422,4.87,49.906,1
49931.8,612,4.57173,4.911,50.125,2
50059.8,612,4.5708,4.911,49.843,1
50188.2,612,4.54146,4.87,49.937,1
50316.2,612,4.4081,4.911,49.75,2
50444.2,612,5.13078,4.911,49.843,1
50572.2,612,4.94959,4.87,49.718,1
50699.8,612,5.27312,4.87,49.875,1
50828,612,4.9159,4.911,49.687,2
50956.7,612,4.80594,4.87,49.781,1
51084.8,612,5.08819,4.911,49.718,1
51212.4,612,4.68551,4.87,49.875,2
51341.6,612,4.69228,4.911,49.875,1
51470.4,612,4.63874,4.911,49.812,1
51598.3,612,4.54053,4.87,49.906,1
51725.8,612,4.52943,4.911,49.781,2
51855.2,612,5.17513,4.911,49.75,1
51983.6,612,4.94204,4.87,49.75,1
52111.2,612,4.77396,4.87,49.75,2
52239.8,612,4.93071,4.911,49.656,1
52367.8,612,4.90479,4.911,49.687,1
52495.9,612,5.3279,4.87,50.031,1
52623.7,612,4.55851,4.911,49.656,2
52752.2,612,4.75493,4.87,49.906,1
52879.8,612,4.92319,4.87,49.968,1
53007.4,612,4.65858,4.87,49.812,1
53135.7,612,4.46757,4.911,49.75,2
53265.4,612,4.62152,4.911,49.75,1
53394.7,612,4.31713,4.87,49.687,1
53522.9,612,4.69793,4.911,49.656,2
53650.9,612,5.14889,4.911,49.625,1
53778.7,612,5.11424,4.911,49.687,1
53906,612,4.95414,4.87,49.968,1
54034,612,4.71476,4.911,49.593,2
54162.5,612,5.01862,4.903,49.843,1
54290.1,612,4.76537,4.911,49.875,1
54418.3,612,4.72657,4.87,49.812,2
54546.8,612,4.56469,4.903,49.812,1
54675.8,612,4.50904,4.87,49.75,1
54803.5,612,4.57096,4.87,49.781,1
54930.9,612,4.3127,4.911,49.718,2
55059.2,612,5.2223,4.87,50,1
55188.2,612,4.95004,4.911,49.656,1
55316.4,612,5.36291,4.87,49.875,1
55444.6,612,5.01643,4.911,49.937,2
55574,612,4.60632,4.911,49.812,1
55702,612,4.73221,4.87,49.906,1
55829.9,612,4.58927,4.87,49.687,2
55958.3,612,4.34878,4.903,49.625,1
56088.7,612,5.00473,4.911,49.875,1
56217.6,612,5.00591,4.903,50.031,1
56345.6,612,4.42941,4.903,49.75,2
56476.1,612,4.92799,4.903,49.75,1
56603.5,612,4.92655,4.903,49.718,1
56730.9,612,4.54752,4.87,49.625,2
56859.9,612,4.71868,4.903,49.718,1
56987.8,612,4.81625,4.87,49.593,1
57116.4,612,4.5053,4.87,49.656,1
57244.1,612,5.08568,4.911,49.875,2
57372.7,612,4.95026,4.911,49.625,1
57500.4,612,5.41037,4.911,49.812,1
57628.9,612,4.64759,4.87,49.968,2
57757.6,612,4.81004,4.903,49.75,1
57886,612,4.82764,4.903,49.843,1
58013.4,612,4.76626,4.87,49.625,1
58140.9,612,4.49582,4.911,49.687,2
58268.8,612,4.45966,4.911,49.75,1
58397.5,612,4.43842,4.87,49.875,1
58527.5,612,4.36273,4.87,49.625,1
58655.9,612,4.662,4.911,49.906,2
58784.7,612,4.69068,4.87,49.937,1
58912.6,612,4.8862,4.87,49.812,1
59040.4,612,4.60082,4.87,49.812,2
59168.4,612,4.70956,4.87,49.75,1
59295.8,612,4.69061,4.87,49.75,1
59423.9,612,4.55938,4.87,49.656,1
59551.9,612,4.29849,4.911,49.718,2
59680.3,612,4.97219,4.87,49.656,1
59808.3,612,5.1624,4.87,49.656,1
59936.4,612,4.72082,4.87,49.625,2
